{
  "zone": "CAPITL",
  "forecast_horizon": 4,
  "n_spread_lags": 12,
  "vol_short_window": 6,
  "load_window": 3,
  "lookback": 24,
  "learning_rate": 0.001,
  "epochs": 50,
  "cv_mae": 12.858721494674683,
  "cv_r2": 0.024380460381507874,
  "cv_directional_hit_rate": 0.6082660494420922,
  "cv_folds": 4,
  "timestamp": "20260219_083038"
}