{
  "zone": "MILLWD",
  "forecast_horizon": 1,
  "n_spread_lags": 6,
  "vol_short_window": 6,
  "load_window": 3,
  "lookback": 24,
  "learning_rate": 0.001,
  "epochs": 50,
  "cv_mae": 12.205433130264282,
  "cv_r2": 0.06924694776535034,
  "cv_directional_hit_rate": 0.6430530740661191,
  "cv_folds": 4,
  "timestamp": "20260219_083038"
}