{
  "zone": "MHKVL",
  "forecast_horizon": 1,
  "n_spread_lags": 6,
  "vol_short_window": 6,
  "load_window": 6,
  "lookback": 24,
  "learning_rate": 0.001,
  "epochs": 50,
  "cv_mae": 12.219011068344116,
  "cv_r2": 0.031695008277893066,
  "cv_directional_hit_rate": 0.6589873611329908,
  "cv_folds": 4,
  "timestamp": "20260219_083038"
}