{
  "zone": "LONGIL",
  "forecast_horizon": 1,
  "n_spread_lags": 12,
  "vol_short_window": 24,
  "load_window": 3,
  "lookback": 24,
  "learning_rate": 0.001,
  "epochs": 50,
  "cv_mae": 15.043251276016235,
  "cv_r2": 0.015094652771949768,
  "cv_directional_hit_rate": 0.6124905865074945,
  "cv_folds": 4,
  "timestamp": "20260219_083038"
}