{
  "zone": "WEST",
  "forecast_horizon": 1,
  "n_spread_lags": 3,
  "vol_short_window": 24,
  "load_window": 3,
  "lookback": 24,
  "learning_rate": 0.001,
  "epochs": 50,
  "cv_mae": 10.741486310958862,
  "cv_r2": 0.0906156599521637,
  "cv_directional_hit_rate": 0.6434610987378632,
  "cv_folds": 4,
  "timestamp": "20260219_083038"
}